chain, residue_label, residue_name, score, zscore, probability, pocket
A,  650, PRO,  0.0100,  -0.3198,   0.0006, 0
A,  651, ARG,  0.0079,  -0.3207,   0.0006, 0
A,  652, PHE,  0.0821,  -0.2876,   0.0027, 0
A,  653, THR,  0.0158,  -0.3172,   0.0007, 0
A,  654, THR,  0.0102,  -0.3197,   0.0006, 0
A,  655, GLY,  0.0000,  -0.3242,   0.0005, 0
A,  656, LEU,  0.1285,  -0.2669,   0.0047, 0
A,  657, VAL,  0.1273,  -0.2674,   0.0046, 0
A,  658, TYR,  0.2192,  -0.2264,   0.0101, 0
A,  659, ASP,  0.1454,  -0.2593,   0.0055, 0
A,  660, THR,  0.0691,  -0.2934,   0.0022, 0
A,  661, LEU,  0.0818,  -0.2877,   0.0027, 0
A,  662, MET,  0.0114,  -0.3191,   0.0006, 0
A,  663, LEU,  0.0410,  -0.3059,   0.0013, 0
A,  664, LYS,  0.0535,  -0.3004,   0.0017, 0
A,  665, HIS,  0.2833,  -0.1978,   0.0153, 0
A,  666, GLN,  0.1560,  -0.2546,   0.0061, 0
A,  667, CYS,  0.2986,  -0.1909,   0.0167, 0
A,  668, THR,  0.1038,  -0.2779,   0.0036, 0
A,  669, CYS,  0.2597,  -0.2083,   0.0132, 0
A,  670, GLY,  0.1099,  -0.2752,   0.0039, 0
A,  671, SER,  0.2041,  -0.2331,   0.0091, 0
A,  672, SER,  0.6146,  -0.0499,   0.0610, 0
A,  673, SER,  0.3361,  -0.1742,   0.0204, 0
A,  674, SER,  0.2971,  -0.1916,   0.0165, 0
A,  675, HIS,  0.4762,  -0.1117,   0.0377, 0
A,  676, PRO,  3.7776,   1.3622,   0.6652, 2
A,  677, GLU,  4.7846,   1.8117,   0.7545, 2
A,  678, HIS,  0.6575,  -0.0307,   0.0694, 0
A,  679, ALA,  0.1436,  -0.2601,   0.0054, 0
A,  680, GLY,  0.1579,  -0.2537,   0.0062, 0
A,  681, ARG,  3.6100,   1.2873,   0.6470, 0
A,  682, ILE,  0.0217,  -0.3146,   0.0008, 0
A,  683, GLN,  0.1244,  -0.2687,   0.0045, 0
A,  684, SER,  0.0451,  -0.3041,   0.0014, 0
A,  685, ILE,  0.0107,  -0.3195,   0.0006, 0
A,  686, TRP,  0.2636,  -0.2066,   0.0136, 0
A,  687, SER,  0.0447,  -0.3043,   0.0014, 0
A,  688, ARG,  0.0314,  -0.3102,   0.0011, 0
A,  689, LEU,  0.0015,  -0.3236,   0.0005, 0
A,  690, GLN,  0.0331,  -0.3095,   0.0011, 0
A,  691, GLU,  0.0226,  -0.3141,   0.0009, 0
A,  692, THR,  0.0120,  -0.3189,   0.0007, 0
A,  693, GLY,  0.0036,  -0.3226,   0.0005, 0
A,  694, LEU,  0.0141,  -0.3179,   0.0007, 0
A,  695, ARG,  0.1333,  -0.2647,   0.0049, 0
A,  696, GLY,  0.0183,  -0.3161,   0.0008, 0
A,  697, LYS,  0.0191,  -0.3157,   0.0008, 0
A,  698, CYS,  0.0164,  -0.3169,   0.0007, 0
A,  699, GLU,  0.0904,  -0.2839,   0.0030, 0
A,  700, CYS,  0.2096,  -0.2307,   0.0094, 0
A,  701, ILE,  0.1564,  -0.2544,   0.0061, 0
A,  702, ARG,  0.1350,  -0.2640,   0.0050, 0
A,  703, GLY,  0.0253,  -0.3130,   0.0009, 0
A,  704, ARG,  0.2333,  -0.2201,   0.0112, 0
A,  705, LYS,  0.1560,  -0.2546,   0.0061, 0
A,  706, ALA,  0.0208,  -0.3150,   0.0008, 0
A,  707, THR,  0.0171,  -0.3166,   0.0007, 0
A,  708, LEU,  0.0169,  -0.3167,   0.0007, 0
A,  709, GLU,  0.4482,  -0.1242,   0.0338, 0
A,  710, GLU,  0.1449,  -0.2596,   0.0055, 0
A,  711, LEU,  0.0000,  -0.3242,   0.0005, 0
A,  712, GLN,  0.0319,  -0.3100,   0.0011, 0
A,  713, THR,  0.0267,  -0.3123,   0.0009, 0
A,  714, VAL,  0.0251,  -0.3130,   0.0009, 0
A,  715, HIS,  0.0032,  -0.3228,   0.0005, 0
A,  716, SER,  0.0247,  -0.3132,   0.0009, 0
A,  717, GLU,  0.0466,  -0.3034,   0.0015, 0
A,  718, ALA,  0.0290,  -0.3113,   0.0010, 0
A,  719, HIS,  0.0186,  -0.3159,   0.0008, 0
A,  720, THR,  0.0047,  -0.3221,   0.0005, 0
A,  721, LEU,  0.0209,  -0.3149,   0.0008, 0
A,  722, LEU,  0.1171,  -0.2720,   0.0042, 0
A,  723, TYR,  0.1325,  -0.2651,   0.0049, 0
A,  724, GLY,  0.0509,  -0.3015,   0.0016, 0
A,  725, THR,  0.0792,  -0.2889,   0.0026, 0
A,  726, ASN,  0.0650,  -0.2952,   0.0021, 0
A,  727, PRO,  0.0098,  -0.3198,   0.0006, 0
A,  728, LEU,  0.0025,  -0.3231,   0.0005, 0
A,  761, ILE,  0.9844,   0.1152,   0.1478, 0
A,  762, TRP,  0.4712,  -0.1139,   0.0370, 0
A,  763, ASN,  0.0541,  -0.3001,   0.0017, 0
A,  764, GLU,  0.0742,  -0.2911,   0.0024, 0
A,  765, VAL,  0.1094,  -0.2754,   0.0038, 0
A,  766, HIS,  0.1421,  -0.2608,   0.0054, 0
A,  767, SER,  0.0358,  -0.3083,   0.0012, 0
A,  768, ALA,  0.0727,  -0.2918,   0.0023, 0
A,  769, GLY,  0.1320,  -0.2653,   0.0049, 0
A,  770, ALA,  0.0997,  -0.2797,   0.0034, 0
A,  771, ALA,  0.0325,  -0.3097,   0.0011, 0
A,  772, ARG,  0.0828,  -0.2873,   0.0027, 0
A,  773, LEU,  0.0666,  -0.2945,   0.0021, 0
A,  774, ALA,  0.2982,  -0.1911,   0.0166, 0
A,  775, VAL,  0.0568,  -0.2989,   0.0018, 0
A,  776, GLY,  0.0029,  -0.3230,   0.0005, 0
A,  777, CYS,  0.0000,  -0.3242,   0.0005, 0
A,  778, VAL,  0.4171,  -0.1380,   0.0297, 0
A,  779, VAL,  0.2026,  -0.2338,   0.0090, 0
A,  780, GLU,  0.2014,  -0.2343,   0.0089, 0
A,  781, LEU,  0.0028,  -0.3230,   0.0005, 0
A,  782, VAL,  0.0921,  -0.2831,   0.0031, 0
A,  783, PHE,  0.5136,  -0.0950,   0.0434, 0
A,  784, LYS,  0.0659,  -0.2948,   0.0021, 0
A,  785, VAL,  0.0095,  -0.3200,   0.0006, 0
A,  786, ALA,  0.3094,  -0.1861,   0.0177, 0
A,  787, THR,  0.5042,  -0.0992,   0.0420, 0
A,  788, GLY,  0.1004,  -0.2794,   0.0034, 0
A,  789, GLU,  0.0393,  -0.3067,   0.0013, 0
A,  790, LEU,  0.0101,  -0.3197,   0.0006, 0
A,  791, LYS,  0.0945,  -0.2821,   0.0032, 0
A,  792, ASN,  0.0546,  -0.2999,   0.0018, 0
A,  793, GLY,  0.0000,  -0.3242,   0.0005, 0
A,  794, PHE,  0.0000,  -0.3242,   0.0005, 0
A,  795, ALA,  0.1800,  -0.2439,   0.0075, 0
A,  796, VAL,  0.0000,  -0.3242,   0.0005, 0
A,  797, VAL,  0.3250,  -0.1791,   0.0192, 5
A,  798, ARG,  0.0568,  -0.2989,   0.0018, 0
A,  799, PRO,  0.4464,  -0.1250,   0.0336, 5
A,  800, PRO,  9.4759,   3.9060,   0.9356, 2
A,  801, GLY,  1.4129,   0.3065,   0.2608, 5
A,  802, HIS, 12.7540,   5.3694,   0.9730, 2
A,  803, HIS, 16.0721,   6.8507,   0.9896, 2
A,  804, ALA,  0.0002,  -0.3242,   0.0005, 0
A,  805, GLU,  0.6848,  -0.0185,   0.0751, 0
A,  806, GLU,  0.0597,  -0.2976,   0.0019, 0
A,  807, SER,  0.0235,  -0.3138,   0.0009, 0
A,  808, THR,  0.0200,  -0.3153,   0.0008, 0
A,  809, PRO,  0.4002,  -0.1456,   0.0277, 0
A,  810, MET,  2.0386,   0.5858,   0.4066, 0
A,  811, GLY, 17.5950,   7.5305,   0.9935, 2
A,  812, PHE, 19.5143,   8.3873,   0.9964, 2
A,  813, CYS,  7.9187,   3.2108,   0.9019, 0
A,  814, TYR,  0.8073,   0.0362,   0.1029, 0
A,  815, PHE,  0.1754,  -0.2460,   0.0072, 0
A,  816, ASN,  0.1365,  -0.2633,   0.0051, 0
A,  817, SER,  0.4154,  -0.1388,   0.0295, 5
A,  818, VAL,  0.4171,  -0.1380,   0.0297, 0
A,  819, ALA,  0.0349,  -0.3087,   0.0011, 0
A,  820, VAL,  0.0000,  -0.3242,   0.0005, 0
A,  821, ALA,  0.0921,  -0.2831,   0.0031, 0
A,  822, ALA,  0.0349,  -0.3087,   0.0011, 0
A,  823, LYS,  0.3714,  -0.1584,   0.0242, 0
A,  824, LEU,  0.1137,  -0.2735,   0.0040, 0
A,  825, LEU,  0.0042,  -0.3224,   0.0005, 0
A,  826, GLN,  0.0960,  -0.2814,   0.0032, 0
A,  827, GLN,  0.0719,  -0.2922,   0.0023, 0
A,  828, ARG,  0.5133,  -0.0951,   0.0434, 0
A,  829, LEU,  0.8257,   0.0444,   0.1074, 0
A,  830, SER,  0.3011,  -0.1898,   0.0169, 0
A,  831, VAL,  0.2542,  -0.2108,   0.0128, 0
A,  832, SER,  0.2934,  -0.1933,   0.0162, 0
A,  833, LYS,  0.7563,   0.0134,   0.0908, 0
A,  834, ILE,  0.0051,  -0.3220,   0.0005, 0
A,  835, LEU,  0.0000,  -0.3242,   0.0005, 0
A,  836, ILE,  0.0000,  -0.3242,   0.0005, 0
A,  837, VAL,  0.0000,  -0.3242,   0.0005, 0
A,  838, ASP,  0.0000,  -0.3242,   0.0005, 0
A,  839, TRP,  0.0000,  -0.3242,   0.0005, 0
A,  840, ASP, 14.1746,   6.0036,   0.9822, 2
A,  841, VAL,  1.1389,   0.1842,   0.1886, 0
A,  842, HIS, 19.8306,   8.5285,   0.9967, 2
A,  843, HIS,  0.6750,  -0.0229,   0.0731, 0
A,  844, GLY,  0.2098,  -0.2306,   0.0094, 0
A,  845, ASN,  0.7575,   0.0139,   0.0911, 0
A,  846, GLY,  0.3549,  -0.1658,   0.0224, 0
A,  847, THR,  0.0000,  -0.3242,   0.0005, 0
A,  848, GLN,  0.5938,  -0.0591,   0.0570, 0
A,  849, GLN,  0.8411,   0.0512,   0.1112, 0
A,  850, ALA,  0.3712,  -0.1585,   0.0242, 0
A,  851, PHE,  0.2513,  -0.2121,   0.0126, 0
A,  852, TYR,  0.4318,  -0.1315,   0.0316, 0
A,  853, SER,  0.8294,   0.0460,   0.1083, 0
A,  854, ASP,  0.3717,  -0.1583,   0.0243, 0
A,  855, PRO,  0.9284,   0.0902,   0.1333, 0
A,  856, SER,  0.3080,  -0.1867,   0.0176, 0
A,  857, VAL,  0.0376,  -0.3075,   0.0012, 0
A,  858, LEU,  0.0000,  -0.3242,   0.0005, 0
A,  859, TYR,  0.0000,  -0.3242,   0.0005, 0
A,  860, MET,  0.0000,  -0.3242,   0.0005, 0
A,  861, SER,  0.0000,  -0.3242,   0.0005, 0
A,  862, LEU,  0.0000,  -0.3242,   0.0005, 0
A,  863, HIS,  0.0848,  -0.2864,   0.0028, 0
A,  864, ARG,  0.1095,  -0.2754,   0.0038, 0
A,  865, TYR,  0.1502,  -0.2572,   0.0058, 0
A,  866, ASP,  0.0889,  -0.2845,   0.0029, 0
A,  867, ASP,  0.0573,  -0.2987,   0.0018, 0
A,  868, GLY,  0.1330,  -0.2648,   0.0049, 0
A,  869, ASN,  0.1369,  -0.2631,   0.0051, 0
A,  870, PHE,  0.2610,  -0.2077,   0.0134, 0
A,  871, PHE, 12.4023,   5.2124,   0.9703, 2
A,  872, PRO,  0.6101,  -0.0519,   0.0601, 0
A,  873, GLY,  0.4058,  -0.1431,   0.0284, 0
A,  874, SER,  0.8563,   0.0580,   0.1150, 0
A,  875, GLY,  0.5238,  -0.0904,   0.0450, 0
A,  876, ALA,  0.0624,  -0.2964,   0.0020, 0
A,  877, PRO,  0.0299,  -0.3109,   0.0010, 0
A,  878, ASP,  0.0443,  -0.3045,   0.0014, 0
A,  879, GLU,  0.5986,  -0.0570,   0.0579, 0
A,  880, VAL,  0.0266,  -0.3124,   0.0009, 0
A,  881, GLY,  0.0247,  -0.3132,   0.0009, 0
A,  882, THR,  0.1495,  -0.2575,   0.0058, 0
A,  883, GLY,  0.0122,  -0.3188,   0.0007, 0
A,  884, PRO,  0.0980,  -0.2805,   0.0033, 0
A,  885, GLY,  0.0089,  -0.3203,   0.0006, 0
A,  886, VAL,  0.4143,  -0.1393,   0.0294, 0
A,  887, GLY,  0.3532,  -0.1665,   0.0222, 0
A,  888, PHE,  1.1817,   0.2033,   0.2000, 0
A,  889, ASN,  0.0000,  -0.3242,   0.0005, 0
A,  890, VAL,  0.0000,  -0.3242,   0.0005, 0
A,  891, ASN,  0.0000,  -0.3242,   0.0005, 0
A,  892, MET,  0.0000,  -0.3242,   0.0005, 0
A,  893, ALA,  0.0255,  -0.3128,   0.0009, 0
A,  894, PHE,  0.0306,  -0.3106,   0.0010, 0
A,  895, THR,  0.0396,  -0.3066,   0.0013, 0
A,  896, GLY,  0.0349,  -0.3087,   0.0011, 0
A,  897, GLY,  0.0190,  -0.3158,   0.0008, 0
A,  898, LEU,  0.0397,  -0.3065,   0.0013, 0
A,  899, ASP,  0.0179,  -0.3162,   0.0008, 0
A,  900, PRO,  0.0147,  -0.3177,   0.0007, 0
A,  901, PRO,  0.0353,  -0.3085,   0.0012, 0
A,  902, MET,  0.0176,  -0.3164,   0.0008, 0
A,  903, GLY,  0.0195,  -0.3155,   0.0008, 0
A,  904, ASP,  0.1406,  -0.2615,   0.0053, 0
A,  905, ALA,  0.0500,  -0.3019,   0.0016, 0
A,  906, GLU,  0.0273,  -0.3121,   0.0010, 0
A,  907, TYR,  0.0000,  -0.3242,   0.0005, 0
A,  908, LEU,  0.2367,  -0.2186,   0.0114, 0
A,  909, ALA,  0.0926,  -0.2829,   0.0031, 0
A,  910, ALA,  0.0128,  -0.3185,   0.0007, 0
A,  911, PHE,  0.0082,  -0.3206,   0.0006, 0
A,  912, ARG,  0.1438,  -0.2600,   0.0055, 0
A,  913, THR,  0.1375,  -0.2629,   0.0051, 0
A,  914, VAL,  0.0027,  -0.3230,   0.0005, 0
A,  915, VAL,  0.0000,  -0.3242,   0.0005, 0
A,  916, MET,  0.0220,  -0.3144,   0.0008, 0
A,  917, PRO,  0.0283,  -0.3116,   0.0010, 0
A,  918, ILE,  0.0012,  -0.3237,   0.0005, 0
A,  919, ALA,  0.0212,  -0.3148,   0.0008, 0
A,  920, SER,  0.0416,  -0.3057,   0.0013, 0
A,  921, GLU,  0.7211,  -0.0023,   0.0829, 0
A,  922, PHE,  0.7931,   0.0298,   0.0996, 0
A,  923, ALA,  0.1100,  -0.2751,   0.0039, 0
A,  924, PRO,  0.0457,  -0.3038,   0.0015, 0
A,  925, ASP,  0.1248,  -0.2685,   0.0045, 0
A,  926, VAL,  0.0106,  -0.3195,   0.0006, 0
A,  927, VAL,  0.0172,  -0.3166,   0.0007, 0
A,  928, LEU,  0.0921,  -0.2831,   0.0031, 0
A,  929, VAL,  0.0921,  -0.2831,   0.0031, 0
A,  930, SER,  0.2963,  -0.1920,   0.0165, 0
A,  931, SER,  0.0000,  -0.3242,   0.0005, 0
A,  932, GLY,  0.0000,  -0.3242,   0.0005, 0
A,  933, PHE,  0.0000,  -0.3242,   0.0005, 0
A,  934, ASP, 18.5630,   7.9626,   0.9952, 2
A,  935, ALA,  0.0000,  -0.3242,   0.0005, 0
A,  936, VAL,  0.0164,  -0.3169,   0.0007, 0
A,  937, GLU,  0.0290,  -0.3113,   0.0010, 0
A,  938, GLY,  0.1555,  -0.2548,   0.0061, 0
A,  939, HIS,  0.5772,  -0.0665,   0.0541, 0
A,  940, PRO,  0.2990,  -0.1907,   0.0167, 0
A,  941, THR,  0.0478,  -0.3029,   0.0015, 0
A,  942, PRO,  3.6754,   1.3165,   0.6542, 2
A,  943, LEU, 11.8764,   4.9776,   0.9657, 2
A,  944, GLY,  1.0833,   0.1594,   0.1740, 0
A,  945, GLY,  0.0245,  -0.3133,   0.0009, 0
A,  946, TYR,  0.0201,  -0.3153,   0.0008, 0
A,  947, ASN,  0.0425,  -0.3052,   0.0014, 0
A,  948, LEU,  0.0109,  -0.3194,   0.0006, 0
A,  949, SER,  0.0737,  -0.2913,   0.0024, 0
A,  950, ALA,  0.0306,  -0.3106,   0.0010, 0
A,  951, ARG,  0.1786,  -0.2445,   0.0074, 0
A,  952, CYS,  0.1681,  -0.2492,   0.0068, 0
A,  953, PHE,  0.0448,  -0.3042,   0.0014, 0
A,  954, GLY,  0.0266,  -0.3124,   0.0009, 0
A,  955, TYR,  0.2707,  -0.2034,   0.0142, 0
A,  956, LEU,  0.0139,  -0.3181,   0.0007, 0
A,  957, THR,  0.0005,  -0.3240,   0.0005, 0
A,  958, LYS,  0.0259,  -0.3127,   0.0009, 0
A,  959, GLN,  0.0580,  -0.2983,   0.0019, 0
A,  960, LEU,  0.0037,  -0.3226,   0.0005, 0
A,  961, MET,  0.0895,  -0.2843,   0.0030, 0
A,  962, GLY,  0.0811,  -0.2881,   0.0026, 0
A,  963, LEU,  0.0883,  -0.2848,   0.0029, 0
A,  964, ALA,  0.0686,  -0.2936,   0.0022, 0
A,  965, GLY,  0.1238,  -0.2690,   0.0045, 0
A,  966, GLY,  0.0826,  -0.2874,   0.0027, 0
A,  967, ARG,  0.1036,  -0.2780,   0.0036, 0
A,  968, ILE,  0.0015,  -0.3236,   0.0005, 0
A,  969, VAL,  0.0921,  -0.2831,   0.0031, 0
A,  970, LEU,  0.0921,  -0.2831,   0.0031, 0
A,  971, ALA,  0.4171,  -0.1380,   0.0297, 5
A,  972, LEU,  0.3250,  -0.1791,   0.0192, 5
A,  973, GLU,  8.9896,   3.6889,   0.9268, 5
A,  974, GLY, 15.8401,   6.7471,   0.9889, 2
A,  975, GLY, 11.2232,   4.6860,   0.9594, 2
A,  976, HIS,  4.1060,   1.5087,   0.6972, 2
A,  977, ASP,  0.6041,  -0.0545,   0.0590, 0
A,  978, LEU,  0.5439,  -0.0814,   0.0483, 0
A,  979, THR,  0.0330,  -0.3095,   0.0011, 0
A,  980, ALA,  0.0132,  -0.3183,   0.0007, 0
A,  981, ILE,  0.0028,  -0.3230,   0.0005, 0
A,  982, CYS,  0.0292,  -0.3112,   0.0010, 0
A,  983, ASP,  0.0266,  -0.3124,   0.0009, 0
A,  984, ALA,  0.0051,  -0.3220,   0.0005, 0
A,  985, SER,  0.0000,  -0.3242,   0.0005, 0
A,  986, GLU,  0.0261,  -0.3126,   0.0009, 0
A,  987, ALA,  0.0301,  -0.3108,   0.0010, 0
A,  988, CYS,  0.0121,  -0.3188,   0.0007, 0
A,  989, VAL,  0.0000,  -0.3242,   0.0005, 0
A,  990, SER,  0.0300,  -0.3109,   0.0010, 0
A,  991, ALA,  0.0431,  -0.3050,   0.0014, 0
A,  992, LEU,  0.0539,  -0.3002,   0.0017, 0
A,  993, LEU,  0.0525,  -0.3008,   0.0017, 0
A,  994, GLY,  0.0525,  -0.3008,   0.0017, 0
A,  995, ASN,  0.0289,  -0.3113,   0.0010, 0
A,  996, GLU,  0.0299,  -0.3109,   0.0010, 0
A,  997, LEU,  0.0505,  -0.3017,   0.0016, 0
A, 1006, GLN,  0.0160,  -0.3171,   0.0007, 0
A, 1007, GLN,  0.0470,  -0.3033,   0.0015, 0
A, 1008, ARG,  0.0183,  -0.3161,   0.0008, 0
A, 1009, PRO,  0.0918,  -0.2832,   0.0031, 0
A, 1010, ASN,  0.0118,  -0.3190,   0.0006, 0
A, 1011, ALA,  0.0180,  -0.3162,   0.0008, 0
A, 1012, ASN,  0.0293,  -0.3112,   0.0010, 0
A, 1013, ALA,  0.0172,  -0.3166,   0.0007, 0
A, 1014, VAL,  0.0659,  -0.2948,   0.0021, 0
A, 1015, ARG,  0.0553,  -0.2996,   0.0018, 0
A, 1016, SER,  0.0432,  -0.3050,   0.0014, 0
A, 1017, MET,  0.1143,  -0.2732,   0.0041, 0
A, 1018, GLU,  0.0592,  -0.2978,   0.0019, 0
A, 1019, LYS,  0.0548,  -0.2998,   0.0018, 0
A, 1020, VAL,  0.0072,  -0.3210,   0.0006, 0
A, 1021, MET,  0.0951,  -0.2818,   0.0032, 0
A, 1022, GLU,  0.0205,  -0.3151,   0.0008, 0
A, 1023, ILE,  0.0072,  -0.3210,   0.0006, 0
A, 1024, HIS,  0.0879,  -0.2850,   0.0029, 0
A, 1025, SER,  0.0095,  -0.3200,   0.0006, 0
A, 1026, LYS,  0.0349,  -0.3087,   0.0011, 0
A, 1027, TYR,  0.5129,  -0.0953,   0.0433, 0
A, 1028, TRP,  1.0086,   0.1260,   0.1543, 0
A, 1029, ARG,  0.0270,  -0.3122,   0.0010, 0
A, 1030, CYS,  0.0298,  -0.3109,   0.0010, 0
A, 1031, LEU,  0.0213,  -0.3147,   0.0008, 0
A, 1032, GLN,  0.0154,  -0.3174,   0.0007, 0
A, 1033, ARG,  0.0165,  -0.3169,   0.0007, 0
A, 1034, HIS,  0.0926,  -0.2829,   0.0031, 0
B,  650, PRO,  0.0067,  -0.3212,   0.0006, 0
B,  651, ARG,  0.0147,  -0.3177,   0.0007, 0
B,  652, PHE,  0.0843,  -0.2866,   0.0028, 0
B,  653, THR,  0.0107,  -0.3194,   0.0006, 0
B,  654, THR,  0.0037,  -0.3226,   0.0005, 0
B,  655, GLY,  0.0000,  -0.3242,   0.0005, 0
B,  656, LEU,  0.0264,  -0.3124,   0.0009, 0
B,  657, VAL,  0.0256,  -0.3128,   0.0009, 0
B,  658, TYR,  0.0966,  -0.2811,   0.0033, 0
B,  659, ASP,  0.0555,  -0.2994,   0.0018, 0
B,  660, THR,  0.0410,  -0.3059,   0.0013, 0
B,  661, LEU,  0.0816,  -0.2878,   0.0027, 0
B,  662, MET,  0.0093,  -0.3201,   0.0006, 0
B,  663, LEU,  0.0273,  -0.3121,   0.0010, 0
B,  664, LYS,  0.0742,  -0.2911,   0.0024, 0
B,  665, HIS,  0.0983,  -0.2804,   0.0033, 0
B,  666, GLN,  0.2626,  -0.2070,   0.0135, 0
B,  667, CYS,  0.0484,  -0.3026,   0.0015, 0
B,  668, THR,  0.0529,  -0.3006,   0.0017, 0
B,  669, CYS,  0.0918,  -0.2833,   0.0030, 0
B,  670, GLY,  0.1999,  -0.2350,   0.0088, 0
B,  671, SER,  0.1287,  -0.2668,   0.0047, 0
B,  672, SER,  0.4821,  -0.1090,   0.0386, 4
B,  673, SER,  0.0636,  -0.2958,   0.0020, 4
B,  674, SER,  0.0677,  -0.2940,   0.0022, 0
B,  675, HIS,  0.0824,  -0.2875,   0.0027, 0
B,  676, PRO,  3.5733,   1.2709,   0.6428, 0
B,  677, GLU,  4.1387,   1.5233,   0.7002, 1
B,  678, HIS,  0.5452,  -0.0809,   0.0485, 4
B,  679, ALA,  0.3287,  -0.1775,   0.0196, 0
B,  680, GLY,  0.4203,  -0.1366,   0.0301, 0
B,  681, ARG,  4.1155,   1.5130,   0.6981, 1
B,  682, ILE,  0.0013,  -0.3236,   0.0005, 0
B,  683, GLN,  0.2971,  -0.1916,   0.0165, 0
B,  684, SER,  0.3423,  -0.1714,   0.0211, 0
B,  685, ILE,  0.0680,  -0.2939,   0.0022, 0
B,  686, TRP,  0.1806,  -0.2436,   0.0076, 0
B,  687, SER,  0.1659,  -0.2502,   0.0067, 0
B,  688, ARG,  0.6503,  -0.0339,   0.0679, 0
B,  689, LEU,  0.0004,  -0.3241,   0.0005, 0
B,  690, GLN,  0.0215,  -0.3146,   0.0008, 0
B,  691, GLU,  0.3958,  -0.1475,   0.0272, 0
B,  692, THR,  0.0803,  -0.2884,   0.0026, 0
B,  693, GLY,  0.0087,  -0.3204,   0.0006, 0
B,  694, LEU,  0.0111,  -0.3193,   0.0006, 0
B,  695, ARG,  0.1548,  -0.2551,   0.0060, 0
B,  696, GLY,  0.0090,  -0.3202,   0.0006, 0
B,  697, LYS,  0.0113,  -0.3192,   0.0006, 0
B,  698, CYS,  0.0079,  -0.3207,   0.0006, 0
B,  699, GLU,  0.0051,  -0.3220,   0.0005, 0
B,  700, CYS,  0.1421,  -0.2608,   0.0054, 0
B,  701, ILE,  0.0661,  -0.2947,   0.0021, 0
B,  702, ARG,  0.0299,  -0.3109,   0.0010, 0
B,  703, GLY,  0.0064,  -0.3214,   0.0006, 0
B,  704, ARG,  0.1892,  -0.2398,   0.0081, 0
B,  705, LYS,  0.1981,  -0.2358,   0.0087, 0
B,  706, ALA,  0.0054,  -0.3218,   0.0005, 0
B,  707, THR,  0.0131,  -0.3184,   0.0007, 0
B,  708, LEU,  0.0400,  -0.3064,   0.0013, 0
B,  709, GLU,  0.0077,  -0.3208,   0.0006, 0
B,  710, GLU,  0.1684,  -0.2491,   0.0068, 0
B,  711, LEU,  0.0000,  -0.3242,   0.0005, 0
B,  712, GLN,  0.0099,  -0.3198,   0.0006, 0
B,  713, THR,  0.0263,  -0.3125,   0.0009, 0
B,  714, VAL,  0.0172,  -0.3165,   0.0007, 0
B,  715, HIS,  0.0053,  -0.3219,   0.0005, 0
B,  716, SER,  0.0143,  -0.3179,   0.0007, 0
B,  717, GLU,  0.0124,  -0.3187,   0.0007, 0
B,  718, ALA,  0.0196,  -0.3155,   0.0008, 0
B,  719, HIS,  0.0115,  -0.3191,   0.0006, 0
B,  720, THR,  0.0035,  -0.3227,   0.0005, 0
B,  721, LEU,  0.0488,  -0.3024,   0.0015, 0
B,  722, LEU,  0.2572,  -0.2094,   0.0130, 0
B,  723, TYR,  0.3694,  -0.1593,   0.0240, 0
B,  724, GLY,  0.1330,  -0.2649,   0.0049, 0
B,  725, THR,  0.1815,  -0.2432,   0.0076, 0
B,  726, ASN,  0.1703,  -0.2482,   0.0070, 0
B,  727, PRO,  0.0163,  -0.3170,   0.0007, 0
B,  728, LEU,  0.0070,  -0.3211,   0.0006, 0
B,  729, ASN,  0.0054,  -0.3218,   0.0005, 0
B,  730, ARG,  0.0096,  -0.3200,   0.0006, 0
B,  748, ARG,  0.0069,  -0.3212,   0.0006, 0
B,  749, LEU,  0.0209,  -0.3149,   0.0008, 0
B,  750, PRO,  0.0730,  -0.2916,   0.0024, 0
B,  751, CYS,  0.0633,  -0.2960,   0.0020, 0
B,  752, GLY,  0.0251,  -0.3130,   0.0009, 0
B,  753, GLY,  0.0321,  -0.3099,   0.0011, 0
B,  754, VAL,  0.2009,  -0.2346,   0.0088, 0
B,  755, GLY,  0.2756,  -0.2012,   0.0146, 0
B,  756, VAL,  0.4416,  -0.1271,   0.0329, 0
B,  757, ASP,  0.2916,  -0.1940,   0.0161, 1
B,  758, SER,  0.0659,  -0.2948,   0.0021, 0
B,  759, ASP,  0.5486,  -0.0793,   0.0491, 1
B,  760, THR,  0.8977,   0.0765,   0.1256, 1
B,  761, ILE,  0.3325,  -0.1758,   0.0200, 0
B,  762, TRP,  0.4046,  -0.1436,   0.0282, 0
B,  763, ASN,  0.0568,  -0.2989,   0.0018, 0
B,  764, GLU,  0.0601,  -0.2974,   0.0019, 0
B,  765, VAL,  0.1205,  -0.2704,   0.0043, 0
B,  766, HIS,  0.1573,  -0.2540,   0.0062, 0
B,  767, SER,  0.0715,  -0.2923,   0.0023, 0
B,  768, ALA,  0.1236,  -0.2690,   0.0045, 0
B,  769, GLY,  0.1874,  -0.2406,   0.0080, 0
B,  770, ALA,  0.2872,  -0.1960,   0.0157, 0
B,  771, ALA,  0.1997,  -0.2351,   0.0088, 0
B,  772, ARG,  0.3197,  -0.1815,   0.0187, 0
B,  773, LEU,  0.0438,  -0.3047,   0.0014, 0
B,  774, ALA,  0.3499,  -0.1680,   0.0218, 0
B,  775, VAL,  0.1997,  -0.2351,   0.0088, 0
B,  776, GLY,  0.0157,  -0.3172,   0.0007, 0
B,  777, CYS,  0.0000,  -0.3242,   0.0005, 0
B,  778, VAL,  0.3611,  -0.1630,   0.0231, 0
B,  779, VAL,  0.1723,  -0.2473,   0.0071, 0
B,  780, GLU,  0.1742,  -0.2465,   0.0072, 0
B,  781, LEU,  0.0017,  -0.3235,   0.0005, 0
B,  782, VAL,  0.0424,  -0.3053,   0.0014, 0
B,  783, PHE,  0.2057,  -0.2324,   0.0092, 0
B,  784, LYS,  0.0266,  -0.3124,   0.0009, 0
B,  785, VAL,  0.0207,  -0.3150,   0.0008, 0
B,  786, ALA,  0.0250,  -0.3131,   0.0009, 0
B,  787, THR,  0.0619,  -0.2966,   0.0020, 0
B,  788, GLY,  0.0752,  -0.2907,   0.0024, 0
B,  789, GLU,  0.0225,  -0.3142,   0.0009, 0
B,  790, LEU,  0.0133,  -0.3183,   0.0007, 0
B,  791, LYS,  0.0426,  -0.3052,   0.0014, 0
B,  792, ASN,  0.0131,  -0.3184,   0.0007, 0
B,  793, GLY,  0.0000,  -0.3242,   0.0005, 0
B,  794, PHE,  0.0000,  -0.3242,   0.0005, 0
B,  795, ALA,  0.0389,  -0.3069,   0.0013, 0
B,  796, VAL,  0.0000,  -0.3242,   0.0005, 0
B,  797, VAL,  0.3186,  -0.1820,   0.0186, 0
B,  798, ARG,  0.2507,  -0.2123,   0.0125, 0
B,  799, PRO,  0.5783,  -0.0661,   0.0542, 0
B,  800, PRO,  9.7032,   4.0074,   0.9396, 1
B,  801, GLY,  0.9599,   0.1043,   0.1415, 7
B,  802, HIS, 11.4713,   4.7968,   0.9620, 1
B,  803, HIS, 17.1643,   7.3382,   0.9926, 1
B,  804, ALA,  0.0000,  -0.3242,   0.0005, 0
B,  805, GLU,  0.7085,  -0.0079,   0.0801, 0
B,  806, GLU,  0.0204,  -0.3151,   0.0008, 0
B,  807, SER,  0.0253,  -0.3129,   0.0009, 0
B,  808, THR,  0.0437,  -0.3047,   0.0014, 0
B,  809, PRO,  0.3079,  -0.1868,   0.0175, 0
B,  810, MET,  2.2516,   0.6809,   0.4486, 1
B,  811, GLY, 18.8389,   8.0858,   0.9956, 1
B,  812, PHE, 19.5260,   8.3926,   0.9965, 1
B,  813, CYS,  8.8126,   3.6099,   0.9233, 0
B,  814, TYR,  0.6236,  -0.0458,   0.0628, 0
B,  815, PHE,  0.3499,  -0.1680,   0.0218, 0
B,  816, ASN,  0.5184,  -0.0928,   0.0442, 0
B,  817, SER,  0.5378,  -0.0842,   0.0473, 7
B,  818, VAL,  0.3611,  -0.1630,   0.0231, 0
B,  819, ALA,  0.0000,  -0.3242,   0.0005, 0
B,  820, VAL,  0.0000,  -0.3242,   0.0005, 0
B,  821, ALA,  0.0424,  -0.3053,   0.0014, 0
B,  822, ALA,  0.0000,  -0.3242,   0.0005, 0
B,  823, LYS,  0.0411,  -0.3059,   0.0013, 0
B,  824, LEU,  0.1404,  -0.2616,   0.0053, 0
B,  825, LEU,  0.0083,  -0.3205,   0.0006, 0
B,  826, GLN,  0.0279,  -0.3118,   0.0010, 0
B,  827, GLN,  0.0292,  -0.3112,   0.0010, 0
B,  828, ARG,  0.1694,  -0.2486,   0.0069, 0
B,  829, LEU,  0.0348,  -0.3087,   0.0011, 0
B,  830, SER,  0.0085,  -0.3204,   0.0006, 0
B,  831, VAL,  0.0162,  -0.3170,   0.0007, 0
B,  832, SER,  0.0395,  -0.3066,   0.0013, 0
B,  833, LYS,  0.3676,  -0.1601,   0.0238, 0
B,  834, ILE,  0.0000,  -0.3242,   0.0005, 0
B,  835, LEU,  0.0000,  -0.3242,   0.0005, 0
B,  836, ILE,  0.0000,  -0.3242,   0.0005, 0
B,  837, VAL,  0.0000,  -0.3242,   0.0005, 0
B,  838, ASP,  0.0000,  -0.3242,   0.0005, 0
B,  839, TRP,  0.0000,  -0.3242,   0.0005, 0
B,  840, ASP, 15.3095,   6.5102,   0.9870, 1
B,  841, VAL,  1.2181,   0.2196,   0.2096, 0
B,  842, HIS, 21.2733,   9.1726,   0.9978, 1
B,  843, HIS,  0.7641,   0.0169,   0.0926, 0
B,  844, GLY,  0.3094,  -0.1861,   0.0177, 0
B,  845, ASN,  0.7629,   0.0163,   0.0923, 0
B,  846, GLY,  0.5191,  -0.0925,   0.0443, 0
B,  847, THR,  0.0000,  -0.3242,   0.0005, 0
B,  848, GLN,  0.8502,   0.0553,   0.1135, 0
B,  849, GLN,  0.6492,  -0.0344,   0.0677, 0
B,  850, ALA,  0.0452,  -0.3040,   0.0014, 0
B,  851, PHE,  0.0189,  -0.3158,   0.0008, 0
B,  852, TYR,  0.2667,  -0.2052,   0.0138, 0
B,  853, SER,  0.0301,  -0.3108,   0.0010, 0
B,  854, ASP,  0.0330,  -0.3095,   0.0011, 0
B,  855, PRO,  0.3390,  -0.1729,   0.0207, 0
B,  856, SER,  0.0786,  -0.2892,   0.0025, 0
B,  857, VAL,  0.0049,  -0.3221,   0.0005, 0
B,  858, LEU,  0.0000,  -0.3242,   0.0005, 0
B,  859, TYR,  0.0000,  -0.3242,   0.0005, 0
B,  860, MET,  0.0000,  -0.3242,   0.0005, 0
B,  861, SER,  0.0000,  -0.3242,   0.0005, 0
B,  862, LEU,  0.0000,  -0.3242,   0.0005, 0
B,  863, HIS,  0.0593,  -0.2978,   0.0019, 0
B,  864, ARG,  0.0963,  -0.2812,   0.0032, 0
B,  865, TYR,  0.1069,  -0.2765,   0.0037, 0
B,  866, ASP,  0.0620,  -0.2966,   0.0020, 0
B,  867, ASP,  0.0346,  -0.3088,   0.0011, 0
B,  868, GLY,  0.0952,  -0.2817,   0.0032, 0
B,  869, ASN,  0.0697,  -0.2931,   0.0022, 0
B,  870, PHE,  0.5352,  -0.0853,   0.0468, 0
B,  871, PHE, 13.8415,   5.8549,   0.9803, 1
B,  872, PRO,  0.2140,  -0.2287,   0.0098, 0
B,  873, GLY,  0.1981,  -0.2358,   0.0087, 0
B,  874, SER,  0.8791,   0.0682,   0.1207, 0
B,  875, GLY,  0.7257,  -0.0003,   0.0839, 0
B,  876, ALA,  0.0748,  -0.2908,   0.0024, 0
B,  877, PRO,  0.0195,  -0.3155,   0.0008, 0
B,  878, ASP,  0.0438,  -0.3047,   0.0014, 0
B,  879, GLU,  0.8175,   0.0407,   0.1054, 0
B,  880, VAL,  0.0478,  -0.3029,   0.0015, 0
B,  881, GLY,  0.0530,  -0.3006,   0.0017, 0
B,  882, THR,  0.0896,  -0.2843,   0.0030, 0
B,  883, GLY,  0.0152,  -0.3175,   0.0007, 0
B,  884, PRO,  0.0445,  -0.3044,   0.0014, 0
B,  885, GLY,  0.0086,  -0.3204,   0.0006, 0
B,  886, VAL,  0.3140,  -0.1840,   0.0181, 0
B,  887, GLY,  0.2654,  -0.2057,   0.0137, 0
B,  888, PHE,  0.7216,  -0.0021,   0.0830, 0
B,  889, ASN,  0.0000,  -0.3242,   0.0005, 0
B,  890, VAL,  0.0000,  -0.3242,   0.0005, 0
B,  891, ASN,  0.0000,  -0.3242,   0.0005, 0
B,  892, MET,  0.0000,  -0.3242,   0.0005, 0
B,  893, ALA,  0.0151,  -0.3175,   0.0007, 0
B,  894, PHE,  0.0134,  -0.3182,   0.0007, 0
B,  895, THR,  0.0305,  -0.3106,   0.0010, 0
B,  896, GLY,  0.0322,  -0.3099,   0.0011, 0
B,  897, GLY,  0.0272,  -0.3121,   0.0010, 0
B,  898, LEU,  0.0374,  -0.3075,   0.0012, 0
B,  899, ASP,  0.0212,  -0.3148,   0.0008, 0
B,  900, PRO,  0.0816,  -0.2878,   0.0027, 0
B,  901, PRO,  0.0877,  -0.2851,   0.0029, 0
B,  902, MET,  0.0568,  -0.2989,   0.0018, 0
B,  903, GLY,  0.1282,  -0.2670,   0.0047, 0
B,  904, ASP,  0.1595,  -0.2530,   0.0063, 0
B,  905, ALA,  0.1329,  -0.2649,   0.0049, 0
B,  906, GLU,  0.1114,  -0.2745,   0.0039, 0
B,  907, TYR,  0.0031,  -0.3229,   0.0005, 0
B,  908, LEU,  0.3969,  -0.1471,   0.0273, 0
B,  909, ALA,  0.0201,  -0.3153,   0.0008, 0
B,  910, ALA,  0.0000,  -0.3242,   0.0005, 0
B,  911, PHE,  0.0395,  -0.3066,   0.0013, 0
B,  912, ARG,  0.5529,  -0.0774,   0.0498, 0
B,  913, THR,  0.1207,  -0.2704,   0.0043, 0
B,  914, VAL,  0.0137,  -0.3181,   0.0007, 0
B,  915, VAL,  0.0000,  -0.3242,   0.0005, 0
B,  916, MET,  0.0634,  -0.2960,   0.0020, 0
B,  917, PRO,  0.1500,  -0.2573,   0.0058, 0
B,  918, ILE,  0.0032,  -0.3228,   0.0005, 0
B,  919, ALA,  0.0111,  -0.3193,   0.0006, 0
B,  920, SER,  0.0332,  -0.3094,   0.0011, 0
B,  921, GLU,  0.4227,  -0.1355,   0.0304, 0
B,  922, PHE,  0.4431,  -0.1264,   0.0331, 0
B,  923, ALA,  0.0572,  -0.2987,   0.0018, 0
B,  924, PRO,  0.0313,  -0.3103,   0.0011, 0
B,  925, ASP,  0.0380,  -0.3073,   0.0012, 0
B,  926, VAL,  0.0087,  -0.3203,   0.0006, 0
B,  927, VAL,  0.0265,  -0.3124,   0.0009, 0
B,  928, LEU,  0.0424,  -0.3053,   0.0014, 0
B,  929, VAL,  0.0424,  -0.3053,   0.0014, 0
B,  930, SER,  0.2109,  -0.2301,   0.0095, 0
B,  931, SER,  0.0000,  -0.3242,   0.0005, 0
B,  932, GLY,  0.0000,  -0.3242,   0.0005, 0
B,  933, PHE,  0.0000,  -0.3242,   0.0005, 0
B,  934, ASP, 18.5282,   7.9471,   0.9952, 1
B,  935, ALA,  0.0000,  -0.3242,   0.0005, 0
B,  936, VAL,  0.0253,  -0.3129,   0.0009, 0
B,  937, GLU,  0.0612,  -0.2969,   0.0020, 0
B,  938, GLY,  0.0329,  -0.3096,   0.0011, 0
B,  939, HIS,  1.0478,   0.1435,   0.1645, 0
B,  940, PRO,  0.0645,  -0.2954,   0.0021, 4
B,  941, THR,  0.0391,  -0.3068,   0.0013, 0
B,  942, PRO,  6.7288,   2.6796,   0.8633, 1
B,  943, LEU, 13.6166,   5.7545,   0.9790, 1
B,  944, GLY,  0.3818,  -0.1538,   0.0255, 0
B,  945, GLY,  0.0115,  -0.3191,   0.0006, 0
B,  946, TYR,  0.0102,  -0.3197,   0.0006, 0
B,  947, ASN,  0.1387,  -0.2623,   0.0052, 0
B,  948, LEU,  0.1066,  -0.2766,   0.0037, 0
B,  949, SER,  0.2359,  -0.2189,   0.0114, 0
B,  950, ALA,  0.1301,  -0.2662,   0.0048, 0
B,  951, ARG,  0.4542,  -0.1215,   0.0347, 0
B,  952, CYS,  0.0119,  -0.3189,   0.0006, 0
B,  953, PHE,  0.0269,  -0.3122,   0.0010, 0
B,  954, GLY,  0.1474,  -0.2584,   0.0056, 0
B,  955, TYR,  0.4952,  -0.1032,   0.0406, 0
B,  956, LEU,  0.0045,  -0.3222,   0.0005, 0
B,  957, THR,  0.0052,  -0.3219,   0.0005, 0
B,  958, LYS,  0.0932,  -0.2826,   0.0031, 0
B,  959, GLN,  0.2143,  -0.2286,   0.0098, 0
B,  960, LEU,  0.0022,  -0.3233,   0.0005, 0
B,  961, MET,  0.0397,  -0.3065,   0.0013, 0
B,  962, GLY,  0.0620,  -0.2966,   0.0020, 0
B,  963, LEU,  0.0532,  -0.3005,   0.0017, 0
B,  964, ALA,  0.0547,  -0.2998,   0.0018, 0
B,  965, GLY,  0.0955,  -0.2816,   0.0032, 0
B,  966, GLY,  0.0520,  -0.3010,   0.0017, 0
B,  967, ARG,  0.0652,  -0.2951,   0.0021, 0
B,  968, ILE,  0.0006,  -0.3240,   0.0005, 0
B,  969, VAL,  0.0424,  -0.3053,   0.0014, 0
B,  970, LEU,  0.0424,  -0.3053,   0.0014, 0
B,  971, ALA,  0.3611,  -0.1630,   0.0231, 0
B,  972, LEU,  0.3186,  -0.1820,   0.0186, 7
B,  973, GLU,  9.5455,   3.9371,   0.9368, 7
B,  974, GLY, 16.2557,   6.9326,   0.9903, 1
B,  975, GLY, 11.3540,   4.7444,   0.9609, 1
B,  976, HIS,  3.0618,   1.0426,   0.5790, 1
B,  977, ASP,  0.3117,  -0.1851,   0.0179, 4
B,  978, LEU,  0.7239,  -0.0011,   0.0835, 4
B,  979, THR,  0.4689,  -0.1149,   0.0367, 0
B,  980, ALA,  0.0920,  -0.2832,   0.0031, 0
B,  981, ILE,  0.0106,  -0.3195,   0.0006, 0
B,  982, CYS,  0.3525,  -0.1669,   0.0221, 0
B,  983, ASP,  0.4753,  -0.1121,   0.0376, 0
B,  984, ALA,  0.0117,  -0.3190,   0.0006, 0
B,  985, SER,  0.0000,  -0.3242,   0.0005, 0
B,  986, GLU,  0.2770,  -0.2006,   0.0148, 0
B,  987, ALA,  0.1180,  -0.2716,   0.0042, 0
B,  988, CYS,  0.0547,  -0.2998,   0.0018, 0
B,  989, VAL,  0.0000,  -0.3242,   0.0005, 0
B,  990, SER,  0.1928,  -0.2381,   0.0083, 0
B,  991, ALA,  0.1870,  -0.2408,   0.0079, 0
B,  992, LEU,  0.0051,  -0.3220,   0.0005, 0
B,  993, LEU,  0.0125,  -0.3187,   0.0007, 0
B,  994, GLY,  0.0195,  -0.3155,   0.0008, 0
B,  995, ASN,  0.2593,  -0.2085,   0.0132, 0
B,  999, ASP,  0.5110,  -0.0961,   0.0431, 0
B, 1000, PRO,  0.2129,  -0.2292,   0.0097, 0
B, 1001, LEU,  0.4926,  -0.1043,   0.0402, 0
B, 1002, PRO,  0.2245,  -0.2240,   0.0105, 0
B, 1003, GLU,  0.0524,  -0.3008,   0.0017, 0
B, 1004, LYS,  0.0627,  -0.2963,   0.0020, 0
B, 1005, VAL,  0.3087,  -0.1864,   0.0176, 0
B, 1006, LEU,  0.4405,  -0.1276,   0.0328, 0
B, 1007, GLN,  0.3705,  -0.1588,   0.0241, 0
B, 1008, GLN,  0.3226,  -0.1802,   0.0190, 0
B, 1009, ARG,  0.7944,   0.0304,   0.0999, 0
B, 1010, PRO,  0.1634,  -0.2513,   0.0065, 0
B, 1011, ASN,  0.2670,  -0.2050,   0.0139, 0
B, 1012, ALA,  0.3222,  -0.1804,   0.0189, 0
B, 1013, ASN,  0.1107,  -0.2748,   0.0039, 0
B, 1014, ALA,  0.0000,  -0.3242,   0.0005, 0
B, 1015, VAL,  0.0721,  -0.2921,   0.0023, 0
B, 1016, ARG,  0.1063,  -0.2768,   0.0037, 0
B, 1017, SER,  0.0210,  -0.3149,   0.0008, 0
B, 1018, MET,  0.0117,  -0.3190,   0.0006, 0
B, 1019, GLU,  0.4443,  -0.1259,   0.0333, 0
B, 1020, LYS,  0.0352,  -0.3085,   0.0011, 0
B, 1021, VAL,  0.0069,  -0.3212,   0.0006, 0
B, 1022, MET,  0.5344,  -0.0857,   0.0467, 0
B, 1023, GLU,  0.0847,  -0.2864,   0.0028, 0
B, 1024, ILE,  0.0150,  -0.3176,   0.0007, 0
B, 1025, HIS,  0.0060,  -0.3215,   0.0005, 0
B, 1026, SER,  0.0303,  -0.3107,   0.0010, 0
B, 1027, LYS,  0.0546,  -0.2999,   0.0018, 0
B, 1028, TYR,  0.4119,  -0.1404,   0.0291, 0
B, 1029, TRP,  0.5804,  -0.0651,   0.0546, 0
B, 1030, ARG,  0.1280,  -0.2671,   0.0047, 0
B, 1031, CYS,  0.2373,  -0.2183,   0.0115, 0
B, 1032, LEU,  0.2774,  -0.2004,   0.0148, 0
B, 1033, GLN,  0.1324,  -0.2651,   0.0049, 0
C,  646, GLY,  0.0166,  -0.3168,   0.0007, 0
C,  647, SER,  0.0146,  -0.3177,   0.0007, 0
C,  648, THR,  0.0141,  -0.3179,   0.0007, 0
C,  649, LYS,  0.0153,  -0.3174,   0.0007, 0
C,  650, PRO,  0.0142,  -0.3179,   0.0007, 0
C,  651, ARG,  0.0276,  -0.3119,   0.0010, 0
C,  652, PHE,  0.0533,  -0.3004,   0.0017, 0
C,  653, THR,  0.0220,  -0.3144,   0.0008, 0
C,  654, THR,  0.0097,  -0.3199,   0.0006, 0
C,  655, GLY,  0.0000,  -0.3242,   0.0005, 0
C,  656, LEU,  0.0098,  -0.3199,   0.0006, 0
C,  657, VAL,  0.0031,  -0.3229,   0.0005, 0
C,  658, TYR,  0.0946,  -0.2820,   0.0032, 0
C,  659, ASP,  0.0611,  -0.2970,   0.0020, 0
C,  660, THR,  0.0664,  -0.2946,   0.0021, 0
C,  661, LEU,  0.1375,  -0.2629,   0.0051, 0
C,  662, MET,  0.0234,  -0.3138,   0.0009, 0
C,  663, LEU,  0.0225,  -0.3142,   0.0009, 0
C,  664, LYS,  0.0957,  -0.2815,   0.0032, 0
C,  665, HIS,  0.1206,  -0.2704,   0.0043, 0
C,  666, GLN,  0.2504,  -0.2125,   0.0125, 0
C,  667, CYS,  0.5574,  -0.0754,   0.0506, 0
C,  668, THR,  0.3342,  -0.1751,   0.0202, 0
C,  669, CYS,  0.4900,  -0.1055,   0.0398, 0
C,  674, SER,  0.4915,  -0.1048,   0.0400, 0
C,  675, HIS,  0.6101,  -0.0519,   0.0601, 0
C,  676, PRO,  3.8947,   1.4144,   0.6770, 3
C,  677, GLU,  5.3778,   2.0765,   0.7958, 3
C,  678, HIS,  0.4659,  -0.1162,   0.0363, 0
C,  679, ALA,  0.1071,  -0.2764,   0.0037, 0
C,  680, GLY,  0.0879,  -0.2850,   0.0029, 0
C,  681, ARG,  5.5933,   2.1727,   0.8086, 0
C,  682, ILE,  0.0060,  -0.3216,   0.0005, 0
C,  683, GLN,  0.0742,  -0.2911,   0.0024, 0
C,  684, SER,  0.0723,  -0.2920,   0.0023, 0
C,  685, ILE,  0.0145,  -0.3178,   0.0007, 0
C,  686, TRP,  0.1543,  -0.2553,   0.0060, 0
C,  687, SER,  0.0351,  -0.3086,   0.0011, 0
C,  688, ARG,  0.0410,  -0.3059,   0.0013, 0
C,  689, LEU,  0.0004,  -0.3240,   0.0005, 0
C,  690, GLN,  0.0276,  -0.3119,   0.0010, 0
C,  691, GLU,  0.0313,  -0.3102,   0.0011, 0
C,  692, THR,  0.0071,  -0.3211,   0.0006, 0
C,  693, GLY,  0.0020,  -0.3234,   0.0005, 0
C,  694, LEU,  0.0098,  -0.3199,   0.0006, 0
C,  695, ARG,  0.1501,  -0.2572,   0.0058, 0
C,  696, GLY,  0.0273,  -0.3120,   0.0010, 0
C,  697, LYS,  0.0202,  -0.3152,   0.0008, 0
C,  698, CYS,  0.0167,  -0.3168,   0.0007, 0
C,  699, GLU,  0.0218,  -0.3145,   0.0008, 0
C,  700, CYS,  0.1230,  -0.2693,   0.0044, 0
C,  701, ILE,  0.0527,  -0.3007,   0.0017, 0
C,  702, ARG,  0.0178,  -0.3163,   0.0008, 0
C,  703, GLY,  0.0213,  -0.3147,   0.0008, 0
C,  704, ARG,  0.1147,  -0.2730,   0.0041, 0
C,  705, LYS,  0.1579,  -0.2537,   0.0062, 0
C,  706, ALA,  0.0098,  -0.3199,   0.0006, 0
C,  707, THR,  0.0118,  -0.3190,   0.0006, 0
C,  708, LEU,  0.0176,  -0.3164,   0.0008, 0
C,  709, GLU,  0.0074,  -0.3210,   0.0006, 0
C,  710, GLU,  0.0726,  -0.2918,   0.0023, 0
C,  711, LEU,  0.0004,  -0.3241,   0.0005, 0
C,  712, GLN,  0.0077,  -0.3208,   0.0006, 0
C,  713, THR,  0.0229,  -0.3140,   0.0009, 0
C,  714, VAL,  0.0085,  -0.3205,   0.0006, 0
C,  715, HIS,  0.0035,  -0.3227,   0.0005, 0
C,  716, SER,  0.0068,  -0.3212,   0.0006, 0
C,  717, GLU,  0.0088,  -0.3203,   0.0006, 0
C,  718, ALA,  0.0135,  -0.3182,   0.0007, 0
C,  719, HIS,  0.0123,  -0.3187,   0.0007, 0
C,  720, THR,  0.0025,  -0.3231,   0.0005, 0
C,  721, LEU,  0.0159,  -0.3171,   0.0007, 0
C,  722, LEU,  0.1532,  -0.2558,   0.0060, 0
C,  723, TYR,  0.1894,  -0.2397,   0.0081, 0
C,  724, GLY,  0.0296,  -0.3110,   0.0010, 0
C,  725, THR,  0.0494,  -0.3022,   0.0016, 0
C,  726, ASN,  0.0427,  -0.3052,   0.0014, 0
C,  727, PRO,  0.0106,  -0.3195,   0.0006, 0
C,  728, LEU,  0.0103,  -0.3196,   0.0006, 0
C,  729, ASN,  0.0043,  -0.3223,   0.0005, 0
C,  760, THR,  0.6072,  -0.0532,   0.0596, 0
C,  761, ILE,  0.3503,  -0.1679,   0.0219, 0
C,  762, TRP,  0.3251,  -0.1791,   0.0192, 0
C,  763, ASN,  0.0546,  -0.2999,   0.0018, 0
C,  764, GLU,  0.0567,  -0.2989,   0.0018, 0
C,  765, VAL,  0.0933,  -0.2826,   0.0031, 0
C,  766, HIS,  0.1405,  -0.2615,   0.0053, 0
C,  767, SER,  0.0629,  -0.2961,   0.0020, 0
C,  768, ALA,  0.0823,  -0.2875,   0.0027, 0
C,  769, GLY,  0.1155,  -0.2727,   0.0041, 0
C,  770, ALA,  0.0911,  -0.2836,   0.0030, 0
C,  771, ALA,  0.0250,  -0.3131,   0.0009, 0
C,  772, ARG,  0.0340,  -0.3091,   0.0011, 0
C,  773, LEU,  0.0575,  -0.2986,   0.0019, 0
C,  774, ALA,  0.2547,  -0.2105,   0.0128, 0
C,  775, VAL,  0.0147,  -0.3177,   0.0007, 0
C,  776, GLY,  0.0043,  -0.3223,   0.0005, 0
C,  777, CYS,  0.0000,  -0.3242,   0.0005, 0
C,  778, VAL,  0.2550,  -0.2104,   0.0129, 0
C,  779, VAL,  0.0895,  -0.2843,   0.0030, 0
C,  780, GLU,  0.0978,  -0.2806,   0.0033, 0
C,  781, LEU,  0.0005,  -0.3240,   0.0005, 0
C,  782, VAL,  0.0150,  -0.3175,   0.0007, 0
C,  783, PHE,  0.1236,  -0.2690,   0.0045, 0
C,  784, LYS,  0.0371,  -0.3077,   0.0012, 0
C,  785, VAL,  0.0111,  -0.3193,   0.0006, 0
C,  786, ALA,  0.0157,  -0.3172,   0.0007, 0
C,  787, THR,  0.0644,  -0.2955,   0.0021, 0
C,  788, GLY,  0.0311,  -0.3103,   0.0010, 0
C,  789, GLU,  0.0203,  -0.3152,   0.0008, 0
C,  790, LEU,  0.0058,  -0.3217,   0.0005, 0
C,  791, LYS,  0.0724,  -0.2919,   0.0023, 0
C,  792, ASN,  0.0443,  -0.3045,   0.0014, 0
C,  793, GLY,  0.0000,  -0.3242,   0.0005, 0
C,  794, PHE,  0.0000,  -0.3242,   0.0005, 0
C,  795, ALA,  0.0059,  -0.3216,   0.0005, 0
C,  796, VAL,  0.0000,  -0.3242,   0.0005, 0
C,  797, VAL,  0.2400,  -0.2171,   0.0117, 0
C,  798, ARG,  0.0833,  -0.2870,   0.0027, 0
C,  799, PRO,  0.3098,  -0.1860,   0.0177, 0
C,  800, PRO,  8.4381,   3.4427,   0.9150, 3
C,  801, GLY,  0.2547,  -0.2105,   0.0128, 6
C,  802, HIS, 10.6697,   4.4389,   0.9532, 0
C,  803, HIS, 14.4597,   6.1308,   0.9836, 3
C,  804, ALA,  0.0000,  -0.3242,   0.0005, 0
C,  805, GLU,  0.3138,  -0.1842,   0.0181, 0
C,  806, GLU,  0.0081,  -0.3206,   0.0006, 0
C,  807, SER,  0.0160,  -0.3171,   0.0007, 0
C,  808, THR,  0.0431,  -0.3050,   0.0014, 0
C,  809, PRO,  0.4109,  -0.1408,   0.0290, 0
C,  810, MET,  1.7813,   0.4709,   0.3504, 0
C,  811, GLY, 14.9563,   6.3525,   0.9856, 3
C,  812, PHE, 19.1981,   8.2461,   0.9961, 3
C,  813, CYS,  7.5412,   3.0423,   0.8911, 0
C,  814, TYR,  0.5097,  -0.0967,   0.0429, 0
C,  815, PHE,  0.1903,  -0.2393,   0.0081, 0
C,  816, ASN,  0.1903,  -0.2393,   0.0081, 0
C,  817, SER,  0.2636,  -0.2065,   0.0136, 6
C,  818, VAL,  0.2550,  -0.2104,   0.0129, 0
C,  819, ALA,  0.0030,  -0.3229,   0.0005, 0
C,  820, VAL,  0.0000,  -0.3242,   0.0005, 0
C,  821, ALA,  0.0150,  -0.3175,   0.0007, 0
C,  822, ALA,  0.0030,  -0.3229,   0.0005, 0
C,  823, LYS,  0.0318,  -0.3100,   0.0011, 0
C,  824, LEU,  0.0633,  -0.2960,   0.0020, 0
C,  825, LEU,  0.0003,  -0.3241,   0.0005, 0
C,  826, GLN,  0.0273,  -0.3121,   0.0010, 0
C,  827, GLN,  0.0212,  -0.3148,   0.0008, 0
C,  828, ARG,  0.1189,  -0.2711,   0.0043, 0
C,  829, LEU,  0.0360,  -0.3082,   0.0012, 0
C,  830, SER,  0.0031,  -0.3229,   0.0005, 0
C,  831, VAL,  0.0088,  -0.3203,   0.0006, 0
C,  832, SER,  0.0201,  -0.3152,   0.0008, 0
C,  833, LYS,  0.4932,  -0.1041,   0.0403, 0
C,  834, ILE,  0.0000,  -0.3242,   0.0005, 0
C,  835, LEU,  0.0000,  -0.3242,   0.0005, 0
C,  836, ILE,  0.0000,  -0.3242,   0.0005, 0
C,  837, VAL,  0.0000,  -0.3242,   0.0005, 0
C,  838, ASP,  0.0000,  -0.3242,   0.0005, 0
C,  839, TRP,  0.0000,  -0.3242,   0.0005, 0
C,  840, ASP, 12.0142,   5.0391,   0.9670, 0
C,  841, VAL,  0.3430,  -0.1711,   0.0211, 0
C,  842, HIS, 18.6897,   8.0192,   0.9954, 3
C,  843, HIS,  0.3034,  -0.1888,   0.0171, 0
C,  844, GLY,  0.1145,  -0.2731,   0.0041, 0
C,  845, ASN,  0.3634,  -0.1620,   0.0233, 0
C,  846, GLY,  0.1810,  -0.2435,   0.0076, 0
C,  847, THR,  0.0000,  -0.3242,   0.0005, 0
C,  848, GLN,  0.4740,  -0.1127,   0.0374, 0
C,  849, GLN,  0.4006,  -0.1454,   0.0277, 0
C,  850, ALA,  0.0182,  -0.3161,   0.0008, 0
C,  851, PHE,  0.0131,  -0.3184,   0.0007, 0
C,  852, TYR,  0.2741,  -0.2019,   0.0145, 0
C,  853, SER,  0.0132,  -0.3183,   0.0007, 0
C,  854, ASP,  0.0262,  -0.3125,   0.0009, 0
C,  855, PRO,  0.3611,  -0.1630,   0.0231, 0
C,  856, SER,  0.0660,  -0.2948,   0.0021, 0
C,  857, VAL,  0.0015,  -0.3236,   0.0005, 0
C,  858, LEU,  0.0000,  -0.3242,   0.0005, 0
C,  859, TYR,  0.0000,  -0.3242,   0.0005, 0
C,  860, MET,  0.0000,  -0.3242,   0.0005, 0
C,  861, SER,  0.0000,  -0.3242,   0.0005, 0
C,  862, LEU,  0.0000,  -0.3242,   0.0005, 0
C,  863, HIS,  0.0159,  -0.3172,   0.0007, 0
C,  864, ARG,  0.0404,  -0.3062,   0.0013, 0
C,  865, TYR,  0.0765,  -0.2901,   0.0025, 0
C,  866, ASP,  0.0238,  -0.3136,   0.0009, 0
C,  867, ASP,  0.0580,  -0.2983,   0.0019, 0
C,  868, GLY,  0.0300,  -0.3108,   0.0010, 0
C,  869, ASN,  0.0635,  -0.2959,   0.0020, 0
C,  870, PHE,  0.1011,  -0.2791,   0.0034, 0
C,  871, PHE, 11.0314,   4.6004,   0.9573, 3
C,  872, PRO,  0.3062,  -0.1875,   0.0174, 0
C,  873, GLY,  0.1915,  -0.2388,   0.0082, 0
C,  874, SER,  0.3616,  -0.1628,   0.0231, 0
C,  875, GLY,  0.2745,  -0.2017,   0.0145, 0
C,  876, ALA,  0.0419,  -0.3055,   0.0013, 0
C,  877, PRO,  0.0570,  -0.2988,   0.0018, 0
C,  878, ASP,  0.0553,  -0.2995,   0.0018, 0
C,  879, GLU,  0.4794,  -0.1102,   0.0382, 0
C,  880, VAL,  0.0362,  -0.3081,   0.0012, 0
C,  881, GLY,  0.0406,  -0.3061,   0.0013, 0
C,  882, THR,  0.0627,  -0.2962,   0.0020, 0
C,  883, GLY,  0.0111,  -0.3193,   0.0006, 0
C,  884, PRO,  0.0165,  -0.3169,   0.0007, 0
C,  885, GLY,  0.0050,  -0.3220,   0.0005, 0
C,  886, VAL,  0.4419,  -0.1270,   0.0330, 0
C,  887, GLY,  0.4218,  -0.1359,   0.0303, 0
C,  888, PHE,  0.9017,   0.0783,   0.1267, 0
C,  889, ASN,  0.0000,  -0.3242,   0.0005, 0
C,  890, VAL,  0.0000,  -0.3242,   0.0005, 0
C,  891, ASN,  0.0000,  -0.3242,   0.0005, 0
C,  892, MET,  0.0000,  -0.3242,   0.0005, 0
C,  893, ALA,  0.0203,  -0.3152,   0.0008, 0
C,  894, PHE,  0.0100,  -0.3198,   0.0006, 0
C,  895, THR,  0.0485,  -0.3026,   0.0015, 0
C,  896, GLY,  0.0235,  -0.3137,   0.0009, 0
C,  897, GLY,  0.0225,  -0.3142,   0.0009, 0
C,  898, LEU,  0.0324,  -0.3098,   0.0011, 0
C,  899, ASP,  0.0106,  -0.3195,   0.0006, 0
C,  900, PRO,  0.0120,  -0.3189,   0.0006, 0
C,  901, PRO,  0.0319,  -0.3100,   0.0011, 0
C,  902, MET,  0.0231,  -0.3139,   0.0009, 0
C,  903, GLY,  0.0249,  -0.3131,   0.0009, 0
C,  904, ASP,  0.2426,  -0.2159,   0.0119, 0
C,  905, ALA,  0.2854,  -0.1968,   0.0155, 0
C,  906, GLU,  0.0254,  -0.3129,   0.0009, 0
C,  907, TYR,  0.0000,  -0.3242,   0.0005, 0
C,  908, LEU,  0.3752,  -0.1567,   0.0247, 0
C,  909, ALA,  0.7362,   0.0044,   0.0863, 0
C,  910, ALA,  0.1824,  -0.2428,   0.0077, 0
C,  911, PHE,  0.0353,  -0.3085,   0.0012, 0
C,  912, ARG,  0.4116,  -0.1405,   0.0291, 0
C,  913, THR,  0.9461,   0.0981,   0.1379, 0
C,  914, VAL,  0.0723,  -0.2920,   0.0023, 0
C,  915, VAL,  0.0000,  -0.3242,   0.0005, 0
C,  916, MET,  0.1020,  -0.2787,   0.0035, 0
C,  917, PRO,  0.3251,  -0.1791,   0.0192, 0
C,  918, ILE,  0.0429,  -0.3051,   0.0014, 0
C,  919, ALA,  0.0036,  -0.3226,   0.0005, 0
C,  920, SER,  0.0876,  -0.2851,   0.0029, 0
C,  921, GLU,  0.5012,  -0.1005,   0.0415, 0
C,  922, PHE,  0.4791,  -0.1104,   0.0381, 0
C,  923, ALA,  0.0196,  -0.3155,   0.0008, 0
C,  924, PRO,  0.0101,  -0.3197,   0.0006, 0
C,  925, ASP,  0.0142,  -0.3179,   0.0007, 0
C,  926, VAL,  0.0049,  -0.3221,   0.0005, 0
C,  927, VAL,  0.0091,  -0.3202,   0.0006, 0
C,  928, LEU,  0.0150,  -0.3175,   0.0007, 0
C,  929, VAL,  0.0795,  -0.2887,   0.0026, 0
C,  930, SER,  0.1470,  -0.2586,   0.0056, 0
C,  931, SER,  0.0000,  -0.3242,   0.0005, 0
C,  932, GLY,  0.0000,  -0.3242,   0.0005, 0
C,  933, PHE,  0.0000,  -0.3242,   0.0005, 0
C,  934, ASP, 16.1994,   6.9075,   0.9901, 3
C,  935, ALA,  0.0000,  -0.3242,   0.0005, 0
C,  936, VAL,  0.0191,  -0.3157,   0.0008, 0
C,  937, GLU,  0.0281,  -0.3117,   0.0010, 0
C,  938, GLY,  0.1973,  -0.2362,   0.0086, 0
C,  939, HIS,  1.0704,   0.1536,   0.1707, 3
C,  940, PRO,  0.3163,  -0.1830,   0.0184, 0
C,  941, THR,  0.0694,  -0.2933,   0.0022, 0
C,  942, PRO,  4.5308,   1.6984,   0.7345, 3
C,  943, LEU, 13.5593,   5.7289,   0.9787, 3
C,  944, GLY,  1.1499,   0.1891,   0.1915, 0
C,  945, GLY,  0.0122,  -0.3188,   0.0007, 0
C,  946, TYR,  0.0154,  -0.3174,   0.0007, 0
C,  947, ASN,  0.0276,  -0.3119,   0.0010, 0
C,  948, LEU,  0.0256,  -0.3128,   0.0009, 0
C,  949, SER,  0.1946,  -0.2374,   0.0084, 0
C,  950, ALA,  0.0311,  -0.3103,   0.0010, 0
C,  951, ARG,  0.2557,  -0.2101,   0.0129, 0
C,  952, CYS,  0.2175,  -0.2272,   0.0100, 0
C,  953, PHE,  0.0226,  -0.3141,   0.0009, 0
C,  954, GLY,  0.0207,  -0.3150,   0.0008, 0
C,  955, TYR,  0.3342,  -0.1751,   0.0202, 0
C,  956, LEU,  0.0014,  -0.3236,   0.0005, 0
C,  957, THR,  0.0000,  -0.3242,   0.0005, 0
C,  958, LYS,  0.0466,  -0.3034,   0.0015, 0
C,  959, GLN,  0.1018,  -0.2788,   0.0035, 0
C,  960, LEU,  0.0016,  -0.3235,   0.0005, 0
C,  961, MET,  0.0657,  -0.2949,   0.0021, 0
C,  962, GLY,  0.0521,  -0.3010,   0.0017, 0
C,  963, LEU,  0.0493,  -0.3022,   0.0016, 0
C,  964, ALA,  0.0376,  -0.3074,   0.0012, 0
C,  965, GLY,  0.0790,  -0.2890,   0.0026, 0
C,  966, GLY,  0.0596,  -0.2976,   0.0019, 0
C,  967, ARG,  0.0469,  -0.3033,   0.0015, 0
C,  968, ILE,  0.0000,  -0.3242,   0.0005, 0
C,  969, VAL,  0.0150,  -0.3175,   0.0007, 0
C,  970, LEU,  0.0150,  -0.3175,   0.0007, 0
C,  971, ALA,  0.2550,  -0.2104,   0.0129, 6
C,  972, LEU,  0.2400,  -0.2171,   0.0117, 6
C,  973, GLU,  7.6916,   3.1094,   0.8953, 6
C,  974, GLY, 14.9981,   6.3712,   0.9857, 3
C,  975, GLY,  9.5178,   3.9247,   0.9364, 3
C,  976, HIS,  5.0778,   1.9426,   0.7759, 3
C,  977, ASP,  0.3983,  -0.1464,   0.0275, 0
C,  978, LEU,  0.3126,  -0.1847,   0.0180, 0
C,  979, THR,  0.0663,  -0.2946,   0.0021, 0
C,  980, ALA,  0.0191,  -0.3157,   0.0008, 0
C,  981, ILE,  0.0121,  -0.3188,   0.0007, 0
C,  982, CYS,  0.0510,  -0.3015,   0.0016, 0
C,  983, ASP,  0.0462,  -0.3036,   0.0015, 0
C,  984, ALA,  0.0023,  -0.3232,   0.0005, 0
C,  985, SER,  0.0000,  -0.3242,   0.0005, 0
C,  986, GLU,  0.0235,  -0.3137,   0.0009, 0
C,  987, ALA,  0.0235,  -0.3137,   0.0009, 0
C,  988, CYS,  0.0089,  -0.3203,   0.0006, 0
C,  989, VAL,  0.0000,  -0.3242,   0.0005, 0
C,  990, SER,  0.0267,  -0.3123,   0.0009, 0
C,  991, ALA,  0.0200,  -0.3153,   0.0008, 0
C,  992, LEU,  0.0343,  -0.3089,   0.0011, 0
C,  993, LEU,  0.0201,  -0.3153,   0.0008, 0
C,  994, GLY,  0.0276,  -0.3119,   0.0010, 0
C,  995, ASN,  0.0282,  -0.3116,   0.0010, 0
C,  996, GLU,  0.0403,  -0.3063,   0.0013, 0
C, 1003, LYS,  0.0208,  -0.3149,   0.0008, 0
C, 1004, VAL,  0.2650,  -0.2060,   0.0137, 0
C, 1005, LEU,  0.4901,  -0.1054,   0.0398, 0
C, 1006, GLN,  0.6677,  -0.0262,   0.0715, 4
C, 1007, GLN,  0.1640,  -0.2510,   0.0066, 0
C, 1008, ARG,  0.4978,  -0.1020,   0.0410, 0
C, 1009, PRO,  0.6283,  -0.0437,   0.0636, 0
C, 1010, ASN,  0.0094,  -0.3200,   0.0006, 0
C, 1011, ALA,  0.0042,  -0.3224,   0.0005, 0
C, 1012, ASN,  0.0231,  -0.3139,   0.0009, 0
C, 1013, ALA,  0.0812,  -0.2880,   0.0026, 0
C, 1014, VAL,  0.5237,  -0.0904,   0.0450, 0
C, 1015, ARG,  0.0833,  -0.2871,   0.0027, 0
C, 1016, SER,  0.0247,  -0.3132,   0.0009, 0
C, 1017, MET,  0.7002,  -0.0117,   0.0783, 0
C, 1018, GLU,  0.2826,  -0.1981,   0.0153, 0
C, 1019, LYS,  0.0913,  -0.2835,   0.0030, 0
C, 1020, VAL,  0.0067,  -0.3213,   0.0006, 0
C, 1021, MET,  0.6153,  -0.0496,   0.0611, 0
C, 1022, GLU,  0.0401,  -0.3063,   0.0013, 0
C, 1023, ILE,  0.0313,  -0.3102,   0.0011, 0
C, 1024, HIS,  0.0808,  -0.2882,   0.0026, 0
C, 1025, SER,  0.0041,  -0.3224,   0.0005, 0
C, 1026, LYS,  0.0339,  -0.3091,   0.0011, 0
C, 1027, TYR,  0.6870,  -0.0175,   0.0756, 0
C, 1028, TRP,  0.8171,   0.0405,   0.1053, 0
C, 1029, ARG,  0.0788,  -0.2891,   0.0026, 0
C, 1030, CYS,  0.2033,  -0.2335,   0.0090, 0
C, 1031, LEU,  0.0954,  -0.2817,   0.0032, 0
C, 1032, GLN,  0.0162,  -0.3170,   0.0007, 0
C, 1033, ARG,  0.3362,  -0.1742,   0.0204, 0
C, 1034, HIS,  0.3741,  -0.1572,   0.0245, 0
